Name,Health,Defense,Attack,Speed,Crit
,,,,,
Goblin,3,2,2,2,1
Slime,2,3,1,2,2
Kobold,2,1,3,3,1
Ent,3,4,1,1,1
Ghoul,2,2,2,1,3
Spider,1,1,3,3,2
Gremlin,1,1,2,3,3
,,,,,
Orc,5,4,2,2,2
Giant,7,2,4,1,1
Cocatrice,2,1,3,5,4
Ogre,5,5,3,1,1
Chimera ,3,3,4,3,2
Harpee,2,2,4,4,3
,,,,,
Hobgoblin,6,4,4,4,2
Vampire,3,4,6,3,4
Troll,6,5,7,1,1
Demon,4,3,6,6,1
Basilisk,5,6,6,2,1
,,,,,
Infernal Drake,4,3,6,3,3
,,,,,
Ocean Drake,10,3,3,2,2
,,,,,
Cloud Drake,4,3,4,8,1
,,,,,
Mountain Drake,5,7,2,3,3
,,,,,
Elder Dragon,14,14,14,14,14